Company Name,Website,Domain,Phone,City,Country
Los bolis de Cancún,,,+52 998 757 1832,Cancun,Mexico
SIX PAPO,,,,Cancun,Mexico
Cervecería Modelo,,,+52 998 886 6750,Cancun,Mexico
Octli Bebidas Artesanales,,,+52 996 143 0441,Cancun,Mexico
DISPRO MEXICO,https://www.disproamerica.com/,www.disproamerica.com,+52 998 242 3080,Cancun,Mexico
Frappé Magico,,,,Cancun,Mexico
Frappe panda,,,,Cancun,Mexico
"Jugos y licuados ""CARILE"" Cancún",http://www.jugosylicuadoscariles.com/,www.jugosylicuadoscariles.com,+52 998 827 1936,Cancun,Mexico
"Vasos Michelados ""Las de Cancun""",,,,Cancun,Mexico
CAB,http://cabcervezas.com/,cabcervezas.com,+52 984 104 2777,Cancun,Mexico
Mini super Benny,,,,Cancun,Mexico
SIX CERRITO 2,,,,Cancun,Mexico
Micheladas la K-minera,,,+52 999 475 1284,Cancun,Mexico
La Europea Zona Hotelera,https://www.laeuropea.com.mx/,www.laeuropea.com.mx,+52 998 176 8204,Cancun,Mexico
Modelorama,https://www.modelorama.com.mx/,www.modelorama.com.mx,+52 800 466 3356,Cancun,Mexico
Modelorama Np- Melissa,https://www.modelorama.com.mx/cerca-de-mi/,www.modelorama.com.mx/cerca-de-mi,+52 800 466 3970,Cancun,Mexico
Modelorama,https://www.modelorama.com.mx/,www.modelorama.com.mx,+52 800 466 3356,Cancun,Mexico
Modelorama Np- Corales,https://www.modelorama.com.mx/cerca-de-mi/,www.modelorama.com.mx/cerca-de-mi,+52 800 466 3773,Cancun,Mexico
Modelorama,https://www.modelorama.com.mx/,www.modelorama.com.mx,+52 800 466 3356,Cancun,Mexico
Modelorama Np-Andy Toy,https://www.modelorama.com.mx/cerca-de-mi/,www.modelorama.com.mx/cerca-de-mi,+52 800 466 3356,Cancun,Mexico
Modelorama El Potro De Hierro,https://www.modelorama.com.mx/cerca-de-mi/,www.modelorama.com.mx/cerca-de-mi,+52 800 466 3888,Cancun,Mexico
La Pizzarra Plaza La Isla,http://www.lapizzarra.com.mx/,www.lapizzarra.com.mx,+52 998 292 0112,Cancun,Mexico
LUNA ROSSA PASTA Y VINO,https://lunarossacancun.com/,lunarossacancun.com,+52 998 898 1498,Cancun,Mexico
"Assaggiare - Pizza, Pasta y Ensalada",http://assaggiare.com.mx/,assaggiare.com.mx,+52 998 251 7016,Cancun,Mexico
Gustino Italian Grill,https://www.marriott.com/en-us/hotels/cunjw-jw-marriott-cancun-resort-and-spa/dining/?scid=feed67b0-9a2f-4de1-8df6-114544116108,www.marriott.com/en-us/hotels/cunjw-jw-marriott-cancun-resort-and-spa/dining/?scid=feed67b0-9a2f-4de1-8df6-114544116108,,Cancun,Mexico
Agave de oro,,,,Cancun,Mexico
Súper Chedraui Selecto,http://www.chedraui.com.mx/,www.chedraui.com.mx,+52 55 5563 2222,Cancun,Mexico
Sam's Club Cancún,http://www.sams.com.mx/,www.sams.com.mx,+52 800 999 7267,Cancun,Mexico
Fantasias Miguel - Cancun,http://www.fantasiasmiguel.com/,www.fantasiasmiguel.com,+52 998 313 2918,Cancun,Mexico
Walmart 24h,http://www.walmart.com.mx/,www.walmart.com.mx,+52 800 925 6278,Cancun,Mexico
Sondemesa Cancún 1,https://www.sondemesa.com/,www.sondemesa.com,+52 998 169 6316,Cancun,Mexico
Abarrotes Dunosusa Cancun Rancho viejo (234),https://www.dunosusa.com.mx/,www.dunosusa.com.mx,+52 999 940 6060,Cancun,Mexico
EQUIPOHOTEL,http://www.equipohotel.com.mx/,www.equipohotel.com.mx,+52 998 848 1988,Cancun,Mexico
Secrets The Vine Cancun,https://www.hyattinclusivecollection.com/en/resorts-hotels/secrets/mexico/vine-cancun/?src=corp_lclb_google_seo_sevcu&utm_source=google&utm_medium=organic&utm_campaign=lmr,www.hyattinclusivecollection.com/en/resorts-hotels/secrets/mexico/vine-cancun/?src=corp_lclb_google_seo_sevcu&utm_source=google&utm_medium=organic&utm_campaign=lmr,+52 998 848 9400,Cancun,Mexico
PROEPTA CANCÚN,http://www.proepta.com/,www.proepta.com,+52 800 188 8888,Cancun,Mexico
"Círculo de Sommeliers | Cursos y Diplomados en vino, tequila, mezcal, cerveza, servicio y otros",https://www.lecolecancun.com/circulo-de-sommeliers,www.lecolecancun.com/circulo-de-sommeliers,+52 998 352 2745,Cancun,Mexico
Chef Cristian Morales,https://chefcristianmorales.com/en/,chefcristianmorales.com/en,+52 998 251 9145,Cancun,Mexico
La Mantequería Cancún,https://reservandonos.com/lugar/la-mantequeria-cancun/?fbclid=PAZXh0bgNhZW0CMTEAAadDeK8_v1kCcqb-AEEpbI7hyN5iHfBN4EYBMz6pswOFtH1edtems6o8MzDXvw_aem_fsnjaoFgU17EyXspN3KetQ,reservandonos.com/lugar/la-mantequeria-cancun/?fbclid=PAZXh0bgNhZW0CMTEAAadDeK8_v1kCcqb-AEEpbI7hyN5iHfBN4EYBMz6pswOFtH1edtems6o8MzDXvw_aem_fsnjaoFgU17EyXspN3KetQ,+52 998 381 1000,Cancun,Mexico
Cooking Company - Torrey,https://www.cookingcompany.com.mx/,www.cookingcompany.com.mx,+52 998 880 9595,Cancun,Mexico
Off The Vine Playacar,http://offthevine.mx/,offthevine.mx,+52 984 125 7774,Cancun,Mexico
Off the Vine Playa,http://www.offthevine.mx/,www.offthevine.mx,+52 984 873 1206,Cancun,Mexico
El Huerto del Edén,https://elhuertodeleden.com/,elhuertodeleden.com,+52 998 195 9535,Cancun,Mexico
Market 23,,,,Cancun,Mexico
Private Chef Isla,https://instagram.com/privatechefisla,instagram.com/privatechefisla,+52 998 390 7382,Cancun,Mexico
Chedraui Selecto,https://www.chedraui.com.mx/,www.chedraui.com.mx,+52 55 5563 2222,Cancun,Mexico
World Duty Free Store,,,,Cancun,Mexico
La Imperial V&L G-6,,,+52 222 586 7159,Puebla,Mexico
Super Mix,,,+52 222 188 3580,Puebla,Mexico
Tierras De Uva,http://tierrasdeuva.mx/,tierrasdeuva.mx,+52 222 240 5424,Puebla,Mexico
Gran Bodega Club Central de Abastos,http://www.lagranbodega.com.mx/,www.lagranbodega.com.mx,+52 222 588 8342,Puebla,Mexico
"SOLERA GOURMET. Venta de Vinos, Licores y Gourmet.",https://solerasommelier.com/,solerasommelier.com,+52 222 240 9001,Puebla,Mexico
Nave F Bodega 5,,,+52 12221273991,Puebla,Mexico
Bodegas Miro,http://bodegasmiro.com/,bodegasmiro.com,+52 222 236 0008,Puebla,Mexico
Bodegas Alianza,https://www.bodegasalianza.com/,www.bodegasalianza.com,+52 222 589 9514,Puebla,Mexico
Vita de Vie,http://www.vitadevie.com.mx/,www.vitadevie.com.mx,+52 222 706 2191,Puebla,Mexico
Casa Zea Spirítu,https://www.zeaspirits.com/,www.zeaspirits.com,+52 221 300 0963,Puebla,Mexico
Arellano del sur,,,+52 222 219 2280,Puebla,Mexico
La Gran Bodega,http://www.lagranbodega.com.mx/,www.lagranbodega.com.mx,+52 222 264 8170,Puebla,Mexico
Multi Bodegas Puebla,https://multibodegas.com.mx/landing/puebla/,multibodegas.com.mx/landing/puebla,+52 222 169 5492,Puebla,Mexico
La Dolce é Vita,https://la-dolce-e-vita.ueniweb.com/?utm_campaign=gmb,la-dolce-e-vita.ueniweb.com/?utm_campaign=gmb,+52 221 213 3775,Puebla,Mexico
Mayoreo Proveedora de Abarrotes Rivera,,,+52 222 122 0100 ext. 5054,Puebla,Mexico
ENTREGOZOS,http://entregozos.com/,entregozos.com,+52 222 102 0042,Puebla,Mexico
Grocery South East De Puebla Sa De Cv,,,+52 222 219 2280,Puebla,Mexico
Casa La Mision,http://casalamision.com.mx/,casalamision.com.mx,+52 222 965 1842,Puebla,Mexico
Alcoholera de Zapopan,http://alcoholera-zapopan.com/,alcoholera-zapopan.com,+52 222 195 2601,Puebla,Mexico
BACO Castellanos,,,,Puebla,Mexico
Heinss Hardy's,,,+52 222 953 3318,Puebla,Mexico
CASAÑEJA WINES AND SPIRITS,http://www.casaneja.com,www.casaneja.com,+52 222 230 3842,Puebla,Mexico
Total Wine,,,+52 222 240 9001,Puebla,Mexico
Sidreria Mazanita Zacatlán,http://manzanitazacatlan.com/,manzanitazacatlan.com,+52 222 232 0270,Puebla,Mexico
Cassan,,,,Puebla,Mexico
La Imperial V&L Sur,,,+52 222 336 0540,Puebla,Mexico
Vino León,http://www.uvasexventricas.com/,www.uvasexventricas.com,+52 221 220 7939,Puebla,Mexico
Magadán Quima 29 Norte,,,+52 222 249 2714,Puebla,Mexico
La Imperial V&L F-3,,,+52 221 261 6935,Puebla,Mexico
El Triunfo MX Chelitas & Mas,https://www.facebook.com/chelitasymaseltriunfomx,www.facebook.com/chelitasymaseltriunfomx,+52 222 176 4324,Puebla,Mexico
Miscelánea Eva,,,,Puebla,Mexico
Coronas Market,https://g.co/kgs/69wff4i,g.co/kgs/69wff4i,+52 222 221 6391,Puebla,Mexico
Depósito Cantarito | Cerveza Refrescos Vinos y Licores,,,+52 222 708 6004,Puebla,Mexico
Gran Bodega Loma Bella,http://www.lagranbodega.com.mx/,www.lagranbodega.com.mx,+52 222 144 6985,Puebla,Mexico
Distribuidora los Gallos Puebla,,,+52 222 589 0833,Puebla,Mexico
Importaciones Universales Manolo,,,+52 222 246 8094,Puebla,Mexico
Distribuidora GAMA,,,+52 222 232 0639,Puebla,Mexico
IMPORTACIONES KONUSO,,,+52 55 4090 9033,Puebla,Mexico
Comercializadora Nala,,,+52 221 407 1257,Puebla,Mexico
Kume Importaciones Puebla,http://kume.com.mx/,kume.com.mx,+52 222 230 4280,Puebla,Mexico
Distribuidora Paris,,,+52 222 232 1839,Puebla,Mexico
San José Distribuidora,https://instagram.com/sanjose_distribuidora?igshid=MWI4MTIyMDE=,instagram.com/sanjose_distribuidora?igshid=MWI4MTIyMDE=,+52 222 240 6575,Puebla,Mexico
La Imperial Vinos y Licores Blvrd. Heroes 5 de Mayo,,,+52 221 170 5791,Puebla,Mexico
Yazbek Distribuidor Puebla,,,+52 222 362 8989,Puebla,Mexico
Distribuidora Moscoso,,,+52 222 240 5426,Puebla,Mexico
Grupo Importador Avios de Puebla,https://www.grupoavios.com.mx/,www.grupoavios.com.mx,+52 222 282 7171,Puebla,Mexico
Fajas Colombianas BELLÍSSIMA Distribuidor,https://fajascolombianasbellissima.com/,fajascolombianasbellissima.com,+52 222 875 9808,Puebla,Mexico
Importador de Vinos Docitalia,http://www.docitalia.mx/,www.docitalia.mx,+52 55 7396 1718,Puebla,Mexico
Vinería,http://www.vineria.com.mx/,www.vineria.com.mx,+52 222 573 0137,Puebla,Mexico
Prissa Puente de México,https://prissa.mx/,prissa.mx,+52 222 226 2039,Puebla,Mexico
DISTRIBUIDORA ALHONDIGA Paseo Bravo,https://www.facebook.com/distribuidoraalhondiga?mibextid=ZbWKwL,www.facebook.com/distribuidoraalhondiga?mibextid=ZbWKwL,+52 222 232 0734,Puebla,Mexico
Vineria Circuito,http://www.vineria.com.mx/,www.vineria.com.mx,+52 222 403 4796,Puebla,Mexico
Distribuidora Los Gallos,,,+52 221 259 1742,Puebla,Mexico
City Club Puebla,https://www.cityclub.com.mx/,www.cityclub.com.mx,+52 222 232 9050,Puebla,Mexico
